<?xml version="1.0" encoding="UTF-8"?>
<!DOCTYPE hibernate-configuration PUBLIC "-//Hibernate/Hibernate Configuration DTD 3.0//EN" "http://www.hibernate.org/dtd/hibernate-configuration-3.0.dtd">
<hibernate-configuration>
	<session-factory>

		<!-- CONFIGURACIÓN (ORACLE) -->
		<!--<property name="connection.url">jdbc:oracle:thin:@localhost:1521:XE?createDataBaseIfNotExist=true</property>-->
		<!--<property name="hibernate.hbm2ddl.auto">create-drop</property>-->
		<!--<property name="connection.username">system</property>-->
		<!--<property name="connection.password">rootroot</property>-->
		<!--<property name="hibernate.dialect">org.hibernate.dialect.OracleDialect</property>-->
		<!--<property name="hibernate.show_sql">true</property>-->

		<!-- CONFIGURACIÓN (MySQL) -->
		<property name="connection.url">jdbc:mysql://localhost:3306/clientes?createDatabaseIfNotExist=true</property>
		<property name="hibernate.hbm2ddl.auto">create-drop</property> 
		<property name="connection.username">root</property> 
		<property name="connection.password">toorDam2</property> 
		<property name="hibernate.dialect">org.hibernate.dialect.MySQL5Dialect</property>
		<property name="hibernate.show_sql">false</property>

		<!-- MAPEOS -->
		<mapping class="com.nttdata.hibernate.persistence.Client" />
		<mapping class="com.nttdata.hibernate.persistence.ContractClient" />
		
	</session-factory>
</hibernate-configuration>